{
    "t_start": 0.438,
    "t_end": 4.0,
    "n_components": 5,
    "C": 27.718416343018212,
    "kernel": "rbf",
    "accuracy": 0.8577132486388385,
    "gamma": 0.007458880161254821,
    "acq_func": "LCB",
    "kappa": 0.6898148148148149
}