{
    "t_start": 0.649,
    "t_end": 3.607,
    "n_components": 8,
    "C": 0.12579742103771807,
    "kernel": "linear",
    "accuracy": 0.8818511796733214,
    "gamma": "scale",
    "acq_func": "PI",
    "kappa": 0.7731481481481481
}