{
    "t_start": 0.517,
    "t_end": 4.0,
    "n_components": 8,
    "C": 84.56740412302725,
    "kernel": "rbf",
    "accuracy": 0.9235329703569268,
    "gamma": 0.0034730019014612974,
    "acq_func": "LCB",
    "kappa": 0.7453703703703703
}