{
    "t_start": 0.444,
    "t_end": 3.133,
    "n_components": 8,
    "C": 880.2694731293305,
    "kernel": "rbf",
    "accuracy": 0.8644888082274651,
    "gamma": 0.00027689280638340796,
    "acq_func": "EI",
    "kappa": 0.7314814814814814
}