,subject,acq_func,min_freq,max_freq,t_start,t_end,n_components,C,kernel,gamma,cv,kappa
1,A01,PI,8,13,0.649,3.607,8,0.12579742103771807,linear,scale,0.8818511796733214,0.7731481481481481
9,A02,EI,13,30,1.047,3.994,7,0.5689906742851647,linear,scale,0.7395039322444041,0.4629629629629629
16,A03,PI,13,30,0.523,4.0,7,0.3308651885306782,linear,scale,0.916636418632789,0.75
21,A04,EI,13,30,0.466,4.0,8,0.6133792484566613,linear,scale,0.5969751966122201,0.5185185185185186
28,A05,PI,13,30,0.741,1.976,3,0.36868853115263156,linear,scale,0.5865698729582577,0.2592592592592593
33,A06,EI,13,30,0.413,3.677,4,11.107867700594035,rbf,0.015315411755192554,0.5798548094373865,0.4027777777777778
41,A07,LCB,13,30,0.462,2.95,7,2.4952774629160466,linear,scale,0.8543254688445252,0.6666666666666667
43,A08,PI,8,13,0.4,2.843,7,1.4711997917946784,linear,scale,0.8646702964307321,0.7685185185185185
48,A09,EI,8,13,0.58,1.584,8,0.10218499742945925,linear,scale,0.8889897156684814,0.662037037037037
