{
    "t_start": 0.278,
    "t_end": 2.646,
    "n_components": 5,
    "C": 170.0911068502016,
    "kernel": "linear",
    "accuracy": 0.8645493042952207,
    "gamma": "scale",
    "acq_func": "EI",
    "kappa": 0.2962962962962963
}