{
    "t_start": 0.258,
    "t_end": 1.931,
    "n_components": 7,
    "C": 10.55401572289909,
    "kernel": "rbf",
    "accuracy": 0.5245009074410163,
    "gamma": 0.0025998534580753555,
    "acq_func": "PI",
    "kappa": 0.26388888888888884
}