{
    "t_start": 0.376,
    "t_end": 2.844,
    "n_components": 7,
    "C": 0.4978834220357172,
    "kernel": "linear",
    "accuracy": 0.8681790683605565,
    "gamma": "scale",
    "acq_func": "LCB",
    "kappa": 0.48611111111111116
}