{
    "t_start": 0.618,
    "t_end": 1.686,
    "n_components": 8,
    "C": 0.26741566741562445,
    "kernel": "linear",
    "accuracy": 0.8993345432546883,
    "gamma": "scale",
    "acq_func": "PI",
    "kappa": 0.4907407407407407
}