{
    "t_start": 0.288,
    "t_end": 3.156,
    "n_components": 6,
    "C": 0.22188103418767058,
    "kernel": "linear",
    "accuracy": 0.5277071990320629,
    "gamma": "scale",
    "acq_func": "EI",
    "kappa": 0.125
}