{
    "t_start": 2.370687597420265,
    "t_end": 2.9386960095731642,
    "n_components": 3,
    "C": 335.5624386317802,
    "kernel": "rbf",
    "accuracy": 0.5866908650937689,
    "gamma": 0.00027082099572600405
}