{
    "t_start": 0.413,
    "t_end": 3.677,
    "n_components": 4,
    "C": 11.107867700594035,
    "kernel": "rbf",
    "accuracy": 0.5798548094373865,
    "gamma": 0.015315411755192554,
    "acq_func": "EI",
    "kappa": 0.4027777777777778
}