{
    "t_start": 0.229,
    "t_end": 2.085,
    "n_components": 5,
    "C": 0.10842599420276186,
    "kernel": "linear",
    "accuracy": 0.5175438596491228,
    "gamma": "scale",
    "acq_func": "EI",
    "kappa": 0.33333333333333337
}