{
    "t_start": 0.338,
    "t_end": 2.751,
    "n_components": 8,
    "C": 260.05564724302843,
    "kernel": "rbf",
    "accuracy": 0.6078039927404719,
    "gamma": 0.0016013292412242796,
    "acq_func": "LCB",
    "kappa": 0.4629629629629629
}