{
    "t_start": 0.4,
    "t_end": 2.843,
    "n_components": 7,
    "C": 1.4711997917946784,
    "kernel": "linear",
    "accuracy": 0.8646702964307321,
    "gamma": "scale",
    "acq_func": "PI",
    "kappa": 0.7685185185185185
}