{
    "t_start": 0.554,
    "t_end": 2.287,
    "n_components": 8,
    "C": 342.40430460548754,
    "kernel": "rbf",
    "accuracy": 0.8682395644283123,
    "gamma": 0.0002813728295100716,
    "acq_func": "EI",
    "kappa": 0.6481481481481481
}