{
    "t_start": 0.782,
    "t_end": 1.94,
    "n_components": 3,
    "C": 5.306955419476509,
    "kernel": "linear",
    "accuracy": 0.5831820931639443,
    "gamma": "scale",
    "acq_func": "EI",
    "kappa": 0.2685185185185185
}