{
    "t_start": 0.291,
    "t_end": 4.0,
    "n_components": 7,
    "C": 1.7752349921599815,
    "kernel": "linear",
    "accuracy": 0.8508166969147005,
    "gamma": "scale",
    "acq_func": "PI",
    "kappa": 0.5833333333333333
}