{
    "t_start": 0.003,
    "t_end": 2.143,
    "n_components": 7,
    "C": 750.2968580439427,
    "kernel": "linear",
    "accuracy": 0.5243194192377496,
    "gamma": "scale",
    "acq_func": "EI",
    "kappa": 0.17592592592592593
}