{
    "t_start": 0.466,
    "t_end": 4.0,
    "n_components": 8,
    "C": 0.6133792484566613,
    "kernel": "linear",
    "accuracy": 0.5969751966122201,
    "gamma": "scale",
    "acq_func": "EI",
    "kappa": 0.5185185185185186
}