{
    "t_start": 1.047,
    "t_end": 3.994,
    "n_components": 7,
    "C": 0.5689906742851647,
    "kernel": "linear",
    "accuracy": 0.7395039322444041,
    "gamma": "scale",
    "acq_func": "EI",
    "kappa": 0.4629629629629629
}