{
    "t_start": 0.54,
    "t_end": 4.0,
    "n_components": 6,
    "C": 0.10873648983093796,
    "kernel": "linear",
    "accuracy": 0.8748941318814276,
    "gamma": "scale",
    "acq_func": "PI",
    "kappa": 0.7592592592592593
}