{
    "t_start": 1.081,
    "t_end": 4.0,
    "n_components": 8,
    "C": 6.147253048974934,
    "kernel": "rbf",
    "accuracy": 0.4272837265577737,
    "gamma": 0.009234315657420486,
    "acq_func": "LCB",
    "kappa": 0.2129629629629629
}