{
    "t_start": 0.52,
    "t_end": 1.46,
    "n_components": 8,
    "C": 12.602689888344285,
    "kernel": "rbf",
    "accuracy": 0.889050211736237,
    "gamma": 0.026578607557939827,
    "acq_func": "PI",
    "kappa": 0.6296296296296297
}