{
    "t_start": 0.558,
    "t_end": 1.278,
    "n_components": 6,
    "C": 18.24356314046752,
    "kernel": "linear",
    "accuracy": 0.8263157894736842,
    "gamma": "scale",
    "acq_func": "EI",
    "kappa": 0.4722222222222222
}