{
    "t_start": 0.491,
    "t_end": 3.82,
    "n_components": 7,
    "C": 80.46897509514929,
    "kernel": "rbf",
    "accuracy": 0.701209921355112,
    "gamma": 0.020295722723474335,
    "acq_func": "LCB",
    "kappa": 0.2962962962962963
}