{
    "t_start": 0.183,
    "t_end": 1.614,
    "n_components": 6,
    "C": 77.17758607273963,
    "kernel": "rbf",
    "accuracy": 0.5243194192377496,
    "gamma": 0.008333271025405124,
    "acq_func": "LCB",
    "kappa": 0.18518518518518523
}