{
    "t_start": 0.47,
    "t_end": 1.195,
    "n_components": 6,
    "C": 1.4188332230738814,
    "kernel": "linear",
    "accuracy": 0.84010889292196,
    "gamma": "scale",
    "acq_func": "PI",
    "kappa": 0.4444444444444444
}