{
    "t_start": 0.27,
    "t_end": 3.594,
    "n_components": 4,
    "C": 0.2791856286225414,
    "kernel": "linear",
    "accuracy": 0.5797943133696309,
    "gamma": "scale",
    "acq_func": "PI",
    "kappa": 0.26388888888888884
}