{
    "t_start": 0.737,
    "t_end": 3.75,
    "n_components": 7,
    "C": 937.5539388046873,
    "kernel": "rbf",
    "accuracy": 0.7012704174228676,
    "gamma": 0.00030459079935604206,
    "acq_func": "EI",
    "kappa": 0.34259259259259256
}