{
    "t_start": 0.0,
    "t_end": 1.025,
    "n_components": 8,
    "C": 3.2336844739992445,
    "kernel": "linear",
    "accuracy": 0.4237144585601936,
    "gamma": "scale",
    "acq_func": "EI",
    "kappa": 0.15740740740740744
}