{
    "t_start": 0.446,
    "t_end": 3.662,
    "n_components": 2,
    "C": 1.7406371855954104,
    "kernel": "linear",
    "accuracy": 0.7813672111312764,
    "gamma": "scale",
    "acq_func": "EI",
    "kappa": 0.5972222222222222
}