{
    "t_start": 1.094,
    "t_end": 3.999,
    "n_components": 8,
    "C": 6.497589009458548,
    "kernel": "rbf",
    "accuracy": 0.4411373260738053,
    "gamma": 0.015998722383818408,
    "acq_func": "EI",
    "kappa": 0.19907407407407407
}