{
    "t_start": 0.538,
    "t_end": 2.887,
    "n_components": 8,
    "C": 40.24305611886245,
    "kernel": "rbf",
    "accuracy": 0.8958257713248639,
    "gamma": 0.011103856193116443,
    "acq_func": "LCB",
    "kappa": 0.7453703703703703
}