{
    "t_start": 0.121,
    "t_end": 3.054,
    "n_components": 7,
    "C": 25.786757930900226,
    "kernel": "rbf",
    "accuracy": 0.5136721113127647,
    "gamma": 0.014863916655068218,
    "acq_func": "PI",
    "kappa": 0.1435185185185185
}