{
    "t_start": 0.741,
    "t_end": 1.976,
    "n_components": 3,
    "C": 0.36868853115263156,
    "kernel": "linear",
    "accuracy": 0.5865698729582577,
    "gamma": "scale",
    "acq_func": "PI",
    "kappa": 0.2592592592592593
}