{
    "t_start": 0.505,
    "t_end": 1.599,
    "n_components": 6,
    "C": 56.925496410813295,
    "kernel": "linear",
    "accuracy": 0.5278281911675741,
    "gamma": "scale",
    "acq_func": "EI",
    "kappa": 0.19444444444444442
}