{
    "t_start": 0.443,
    "t_end": 3.996,
    "n_components": 7,
    "C": 150.9935321373042,
    "kernel": "rbf",
    "accuracy": 0.7046581972171808,
    "gamma": 0.0022009001496016197,
    "acq_func": "EI",
    "kappa": 0.2777777777777778
}