{
    "t_start": 0.581,
    "t_end": 2.218,
    "n_components": 6,
    "C": 2.3645689898096514,
    "kernel": "rbf",
    "accuracy": 0.8682395644283123,
    "gamma": 0.08449139350460837,
    "acq_func": "PI",
    "kappa": 0.6527777777777778
}