{
    "t_start": 0.631,
    "t_end": 2.832,
    "n_components": 8,
    "C": 0.22236645300354746,
    "kernel": "linear",
    "accuracy": 0.8957652752571083,
    "gamma": "scale",
    "acq_func": "PI",
    "kappa": 0.7314814814814814
}