{
    "t_start": 0.377,
    "t_end": 3.761,
    "n_components": 2,
    "C": 1.481605908402702,
    "kernel": "linear",
    "accuracy": 0.8022988505747127,
    "gamma": "scale",
    "acq_func": "LCB",
    "kappa": 0.6018518518518519
}