{
    "t_start": 0.435,
    "t_end": 1.667,
    "n_components": 8,
    "C": 1.8896196465456347,
    "kernel": "linear",
    "accuracy": 0.8992740471869329,
    "gamma": "scale",
    "acq_func": "EI",
    "kappa": 0.4629629629629629
}