{
    "t_start": 0.981,
    "t_end": 4.0,
    "n_components": 7,
    "C": 8.119999229473834,
    "kernel": "rbf",
    "accuracy": 0.4477313974591651,
    "gamma": 0.0899101585316412,
    "acq_func": "PI",
    "kappa": 0.1157407407407407
}