{
    "t_start": 1.17,
    "t_end": 4.0,
    "n_components": 8,
    "C": 3.2617954414258317,
    "kernel": "rbf",
    "accuracy": 0.7395644283121597,
    "gamma": 0.09918015083738,
    "acq_func": "LCB",
    "kappa": 0.4629629629629629
}