{
    "t_start": 0.523,
    "t_end": 4.0,
    "n_components": 7,
    "C": 0.3308651885306782,
    "kernel": "linear",
    "accuracy": 0.916636418632789,
    "gamma": "scale",
    "acq_func": "PI",
    "kappa": 0.75
}