{
    "t_start": 0.548,
    "t_end": 2.297,
    "n_components": 8,
    "C": 5.988679945544775,
    "kernel": "rbf",
    "accuracy": 0.864670296430732,
    "gamma": 0.022858793784110255,
    "acq_func": "PI",
    "kappa": 0.6435185185185186
}