{
    "t_start": 0.647,
    "t_end": 1.92,
    "n_components": 5,
    "C": 0.6739465767483375,
    "kernel": "linear",
    "accuracy": 0.5904416212946157,
    "gamma": "scale",
    "acq_func": "PI",
    "kappa": 0.12962962962962965
}