{
    "t_start": 0.81,
    "t_end": 3.821,
    "n_components": 7,
    "C": 0.9284139143461037,
    "kernel": "linear",
    "accuracy": 0.7012099213551118,
    "gamma": "scale",
    "acq_func": "PI",
    "kappa": 0.31481481481481477
}