{
    "t_start": 0.575,
    "t_end": 4.0,
    "n_components": 8,
    "C": 0.45401358305893325,
    "kernel": "linear",
    "accuracy": 0.9200846944948579,
    "gamma": "scale",
    "acq_func": "EI",
    "kappa": 0.7592592592592593
}