{
    "t_start": 0.28,
    "t_end": 3.809,
    "n_components": 7,
    "C": 112.38298197962095,
    "kernel": "rbf",
    "accuracy": 0.5868118572292802,
    "gamma": 0.003982863615546154,
    "acq_func": "LCB",
    "kappa": 0.36111111111111116
}