{
    "t_start": 0.324,
    "t_end": 3.345,
    "n_components": 8,
    "C": 332.8463268030374,
    "kernel": "rbf",
    "accuracy": 0.868118572292801,
    "gamma": 0.00045719696747621713,
    "acq_func": "PI",
    "kappa": 0.4814814814814815
}