{
    "t_start": 0.387,
    "t_end": 3.806,
    "n_components": 2,
    "C": 1.265094786277367,
    "kernel": "linear",
    "accuracy": 0.7883847549909255,
    "gamma": "scale",
    "acq_func": "EI",
    "kappa": 0.6018518518518519
}