{
    "t_start": 1.199,
    "t_end": 4.0,
    "n_components": 8,
    "C": 0.7689033775464644,
    "kernel": "linear",
    "accuracy": 0.7395039322444041,
    "gamma": "scale",
    "acq_func": "PI",
    "kappa": 0.44907407407407407
}