{
    "t_start": 0.492,
    "t_end": 1.676,
    "n_components": 8,
    "C": 6.399620928029259,
    "kernel": "rbf",
    "accuracy": 0.9027828191167574,
    "gamma": 0.012519031552529399,
    "acq_func": "LCB",
    "kappa": 0.6527777777777778
}