{
    "t_start": 0.204,
    "t_end": 3.184,
    "n_components": 6,
    "C": 0.521724784165787,
    "kernel": "linear",
    "accuracy": 0.530973986690865,
    "gamma": "scale",
    "acq_func": "PI",
    "kappa": 0.11111111111111116
}