{
    "t_start": 0.33,
    "t_end": 3.041,
    "n_components": 8,
    "C": 110.99622248636955,
    "kernel": "rbf",
    "accuracy": 0.5245614035087719,
    "gamma": 0.0018927689906218922,
    "acq_func": "EI",
    "kappa": 0.12037037037037035
}