{
    "t_start": 0.371,
    "t_end": 4.0,
    "n_components": 2,
    "C": 0.8581258849410405,
    "kernel": "linear",
    "accuracy": 0.7917725347852389,
    "gamma": "scale",
    "acq_func": "PI",
    "kappa": 0.6018518518518519
}