{
    "t_start": 0.488,
    "t_end": 4.0,
    "n_components": 8,
    "C": 46.13245525921594,
    "kernel": "rbf",
    "accuracy": 0.9235329703569268,
    "gamma": 0.007225884905523034,
    "acq_func": "LCB",
    "kappa": 0.7407407407407407
}