{
    "t_start": 0.561,
    "t_end": 1.35,
    "n_components": 6,
    "C": 3.3336687158705764,
    "kernel": "rbf",
    "accuracy": 0.49969751966122206,
    "gamma": 0.08482362732705176,
    "acq_func": "EI",
    "kappa": 0.12962962962962965
}