{
    "t_start": 0.402,
    "t_end": 3.816,
    "n_components": 7,
    "C": 0.5784872117655856,
    "kernel": "linear",
    "accuracy": 0.8887477313974592,
    "gamma": "scale",
    "acq_func": "EI",
    "kappa": 0.7685185185185185
}