{
    "t_start": 1.199,
    "t_end": 4.0,
    "n_components": 8,
    "C": 79.68915268783668,
    "kernel": "rbf",
    "accuracy": 0.742952208106473,
    "gamma": 0.0035539899063833772,
    "acq_func": "EI",
    "kappa": 0.4629629629629629
}