{
    "t_start": 0.301,
    "t_end": 3.296,
    "n_components": 7,
    "C": 602.692690054868,
    "kernel": "rbf",
    "accuracy": 0.8575317604355718,
    "gamma": 0.0009031277189221226,
    "acq_func": "EI",
    "kappa": 0.6944444444444444
}